timestamp,user_id,note
1726090522177663,7,This is note number 1
1726090522015793,4,This is note number 2
1726090522302005,9,This is note number 3
1726090522035831,4,This is note number 4
1726090522406183,9,This is note number 5
1726090522209516,1,This is note number 6
1726090521765195,5,This is note number 7
1726090521469666,9,This is note number 8
1726090521557687,7,This is note number 9
1726090521589041,9,This is note number 10
1726090522321465,7,This is note number 11
1726090521555848,3,This is note number 12
1726090521664784,6,This is note number 13
1726090521966050,9,This is note number 14
1726090521801993,5,This is note number 15
1726090521512606,1,This is note number 16
1726090522171240,2,This is note number 17
1726090521628579,1,This is note number 18
1726090521702566,10,This is note number 19
1726090521930694,3,This is note number 20
1726090521450989,1,This is note number 21
1726090522080354,6,This is note number 22
1726090522195639,3,This is note number 23
1726090521674526,3,This is note number 24
1726090521581396,1,This is note number 25
1726090521827255,7,This is note number 26
1726090522214033,10,This is note number 27
1726090521692695,1,This is note number 28
1726090521911499,4,This is note number 29
1726090521620607,3,This is note number 30
1726090521789360,8,This is note number 31
1726090522011305,1,This is note number 32
1726090521519007,1,This is note number 33
1726090522235751,8,This is note number 34
1726090521820763,7,This is note number 35
1726090522210267,4,This is note number 36
1726090521551819,8,This is note number 37
1726090522429140,6,This is note number 38
1726090522353845,5,This is note number 39
1726090521756393,2,This is note number 40
1726090522023962,6,This is note number 41
1726090521703180,9,This is note number 42
1726090522269405,2,This is note number 43
1726090521803574,2,This is note number 44
1726090522430639,9,This is note number 45
1726090522015008,3,This is note number 46
1726090521583000,4,This is note number 47
1726090521489049,10,This is note number 48
1726090521866174,6,This is note number 49
1726090521592226,1,This is note number 50
1726090522098747,10,This is note number 51
1726090522043245,9,This is note number 52
1726090521768856,9,This is note number 53
1726090522368251,9,This is note number 54
1726090522233871,8,This is note number 55
1726090521921211,7,This is note number 56
1726090521608038,9,This is note number 57
1726090521803302,2,This is note number 58
1726090522169534,9,This is note number 59
1726090522077297,10,This is note number 60
1726090522144320,8,This is note number 61
1726090522050841,6,This is note number 62
1726090521999073,9,This is note number 63
1726090521594968,8,This is note number 64
1726090522184034,5,This is note number 65
1726090522347932,9,This is note number 66
1726090522206527,2,This is note number 67
1726090521996835,10,This is note number 68
1726090521920986,4,This is note number 69
1726090522133656,10,This is note number 70
1726090521689815,9,This is note number 71
1726090522285852,3,This is note number 72
1726090521790800,9,This is note number 73
1726090522061420,8,This is note number 74
1726090522134076,9,This is note number 75
1726090521568994,7,This is note number 76
1726090521778304,10,This is note number 77
1726090521683349,5,This is note number 78
1726090521764369,7,This is note number 79
1726090521494627,4,This is note number 80
1726090521720942,7,This is note number 81
1726090522383302,1,This is note number 82
1726090521612829,2,This is note number 83
1726090521610444,1,This is note number 84
1726090521816774,8,This is note number 85
1726090522423836,5,This is note number 86
1726090522228307,3,This is note number 87
1726090521764255,7,This is note number 88
1726090521538091,6,This is note number 89
1726090522388823,1,This is note number 90
1726090522208372,8,This is note number 91
1726090522425943,10,This is note number 92
1726090521894356,1,This is note number 93
1726090522052913,8,This is note number 94
1726090521479785,10,This is note number 95
1726090521488162,4,This is note number 96
1726090521965292,2,This is note number 97
1726090521488858,5,This is note number 98
1726090521516794,1,This is note number 99
1726090521766443,6,This is note number 100
1726090522185056,6,This is note number 101
1726090521788959,9,This is note number 102
1726090521473179,9,This is note number 103
1726090522158022,5,This is note number 104
1726090522190971,10,This is note number 105
1726090522058087,4,This is note number 106
1726090521770098,4,This is note number 107
1726090522294692,2,This is note number 108
1726090521639927,6,This is note number 109
1726090522093089,6,This is note number 110
1726090521575808,2,This is note number 111
1726090522073892,9,This is note number 112
1726090522056760,2,This is note number 113
1726090521514493,3,This is note number 114
1726090521953485,2,This is note number 115
1726090522066115,9,This is note number 116
1726090521923874,3,This is note number 117
1726090521570985,8,This is note number 118
1726090522012646,4,This is note number 119
1726090521758641,9,This is note number 120
1726090521780079,2,This is note number 121
1726090521947663,8,This is note number 122
1726090522421328,8,This is note number 123
1726090521604193,4,This is note number 124
1726090522146387,7,This is note number 125
1726090521532548,4,This is note number 126
1726090521851084,9,This is note number 127
1726090521514750,1,This is note number 128
1726090521749237,5,This is note number 129
1726090522245893,2,This is note number 130
1726090521808007,1,This is note number 131
1726090521463998,5,This is note number 132
1726090521566889,3,This is note number 133
1726090521977044,1,This is note number 134
1726090522029677,9,This is note number 135
1726090522113152,6,This is note number 136
1726090522223586,8,This is note number 137
1726090522268745,9,This is note number 138
1726090521653436,6,This is note number 139
1726090521640976,4,This is note number 140
1726090521804291,3,This is note number 141
1726090521550559,5,This is note number 142
1726090522047575,2,This is note number 143
1726090521471771,1,This is note number 144
1726090522396681,5,This is note number 145
1726090521736170,8,This is note number 146
1726090521658091,8,This is note number 147
1726090522076682,6,This is note number 148
1726090522343330,10,This is note number 149
1726090521443024,6,This is note number 150
1726090521821182,5,This is note number 151
1726090521778189,10,This is note number 152
1726090522327718,3,This is note number 153
1726090522328527,1,This is note number 154
1726090521690060,2,This is note number 155
1726090522167033,10,This is note number 156
1726090521507933,3,This is note number 157
1726090522436616,3,This is note number 158
1726090522039902,8,This is note number 159
1726090521892053,2,This is note number 160
1726090522018636,7,This is note number 161
1726090522131471,3,This is note number 162
1726090521606164,6,This is note number 163
1726090522366963,1,This is note number 164
1726090521617459,3,This is note number 165
1726090522109119,4,This is note number 166
1726090521909714,6,This is note number 167
1726090521952564,1,This is note number 168
1726090521913625,2,This is note number 169
1726090521494124,2,This is note number 170
1726090522049724,4,This is note number 171
1726090521621400,2,This is note number 172
1726090521643552,3,This is note number 173
1726090521884186,7,This is note number 174
1726090522414748,1,This is note number 175
1726090521484801,8,This is note number 176
1726090521707500,1,This is note number 177
1726090521594651,2,This is note number 178
1726090521571105,7,This is note number 179
1726090521774528,1,This is note number 180
1726090521718833,6,This is note number 181
1726090522015294,3,This is note number 182
1726090521946957,4,This is note number 183
1726090522149305,3,This is note number 184
1726090522192996,7,This is note number 185
1726090522106965,9,This is note number 186
1726090521994979,9,This is note number 187
1726090521993445,10,This is note number 188
1726090522333748,7,This is note number 189
1726090521536661,5,This is note number 190
1726090522192725,8,This is note number 191
1726090521676582,10,This is note number 192
1726090522326590,8,This is note number 193
1726090522253253,5,This is note number 194
1726090522218787,1,This is note number 195
1726090521746656,4,This is note number 196
1726090521958106,3,This is note number 197
1726090522039941,7,This is note number 198
1726090521980193,3,This is note number 199
1726090521815559,9,This is note number 200
1726090521567299,2,This is note number 201
1726090521879371,9,This is note number 202
1726090521565040,2,This is note number 203
1726090521640936,9,This is note number 204
1726090522431595,5,This is note number 205
1726090521820654,6,This is note number 206
1726090521885731,2,This is note number 207
1726090522194574,4,This is note number 208
1726090521764774,9,This is note number 209
1726090521483567,2,This is note number 210
1726090522275513,8,This is note number 211
1726090522141073,8,This is note number 212
1726090521631008,8,This is note number 213
1726090521567162,1,This is note number 214
1726090522222372,2,This is note number 215
1726090522145942,3,This is note number 216
1726090521739473,7,This is note number 217
1726090521529693,8,This is note number 218
1726090521623086,5,This is note number 219
1726090521766367,9,This is note number 220
1726090521525020,3,This is note number 221
1726090521832846,8,This is note number 222
1726090521869466,7,This is note number 223
1726090522326357,6,This is note number 224
1726090522351875,2,This is note number 225
1726090521973404,7,This is note number 226
1726090522422683,3,This is note number 227
1726090521843027,5,This is note number 228
1726090522062816,6,This is note number 229
1726090522180567,2,This is note number 230
1726090522166626,10,This is note number 231
1726090521607551,1,This is note number 232
1726090521513850,4,This is note number 233
1726090522270365,1,This is note number 234
1726090522284092,8,This is note number 235
1726090521771003,4,This is note number 236
1726090522255046,2,This is note number 237
1726090521683532,8,This is note number 238
1726090521442639,6,This is note number 239
1726090521588120,2,This is note number 240
1726090522005648,1,This is note number 241
1726090521775052,1,This is note number 242
1726090521463554,3,This is note number 243
1726090521510620,7,This is note number 244
1726090521601302,7,This is note number 245
1726090522146132,6,This is note number 246
1726090521913963,8,This is note number 247
1726090521833394,3,This is note number 248
1726090522185492,2,This is note number 249
1726090522003061,4,This is note number 250
1726090521727896,10,This is note number 251
1726090522255616,3,This is note number 252
1726090522357626,10,This is note number 253
1726090522229103,3,This is note number 254
1726090522181073,10,This is note number 255
1726090522260175,10,This is note number 256
1726090522155595,8,This is note number 257
1726090521745077,7,This is note number 258
1726090522399055,5,This is note number 259
1726090522275569,9,This is note number 260
1726090522290707,3,This is note number 261
1726090521856422,4,This is note number 262
1726090522194401,2,This is note number 263
1726090521773614,6,This is note number 264
1726090521816886,1,This is note number 265
1726090522148624,5,This is note number 266
1726090522238394,10,This is note number 267
1726090521904233,10,This is note number 268
1726090522201685,10,This is note number 269
1726090522253824,7,This is note number 270
1726090522271142,4,This is note number 271
1726090521669026,3,This is note number 272
1726090522185229,2,This is note number 273
1726090521965842,5,This is note number 274
1726090521836716,10,This is note number 275
1726090522011364,9,This is note number 276
1726090521472469,4,This is note number 277
1726090522057128,4,This is note number 278
1726090521600300,9,This is note number 279
1726090521651872,10,This is note number 280
1726090521504677,5,This is note number 281
1726090521668019,2,This is note number 282
1726090522043070,8,This is note number 283
1726090522291899,8,This is note number 284
1726090522381979,9,This is note number 285
1726090521708873,6,This is note number 286
1726090522209543,8,This is note number 287
1726090522396520,2,This is note number 288
1726090522300340,1,This is note number 289
1726090522046809,9,This is note number 290
1726090522130213,1,This is note number 291
1726090522208457,4,This is note number 292
1726090521748678,2,This is note number 293
1726090521531479,8,This is note number 294
1726090521990371,4,This is note number 295
1726090521891848,5,This is note number 296
1726090522205529,6,This is note number 297
1726090522102154,4,This is note number 298
1726090521453336,10,This is note number 299
1726090522259112,5,This is note number 300
1726090522285734,3,This is note number 301
1726090522050189,7,This is note number 302
1726090521984060,7,This is note number 303
1726090522351796,2,This is note number 304
1726090521583385,9,This is note number 305
1726090522389418,3,This is note number 306
1726090521681595,10,This is note number 307
1726090522132887,9,This is note number 308
1726090522349075,9,This is note number 309
1726090521623401,4,This is note number 310
1726090522078157,1,This is note number 311
1726090521488118,4,This is note number 312
1726090521785466,3,This is note number 313
1726090522331486,8,This is note number 314
1726090521509769,8,This is note number 315
1726090521478424,8,This is note number 316
1726090521853905,4,This is note number 317
1726090521739855,10,This is note number 318
1726090521525193,10,This is note number 319
1726090522173032,3,This is note number 320
1726090521584177,7,This is note number 321
1726090521954842,5,This is note number 322
1726090522263169,10,This is note number 323
1726090522201926,1,This is note number 324
1726090521798316,4,This is note number 325
1726090521985684,4,This is note number 326
1726090521487694,6,This is note number 327
1726090521915221,5,This is note number 328
1726090522036821,8,This is note number 329
1726090521511010,9,This is note number 330
1726090521833095,7,This is note number 331
1726090522429665,5,This is note number 332
1726090522131714,7,This is note number 333
1726090521548568,4,This is note number 334
1726090522011701,6,This is note number 335
1726090522068632,4,This is note number 336
1726090521640974,3,This is note number 337
1726090521726938,10,This is note number 338
1726090521563166,6,This is note number 339
1726090522204341,7,This is note number 340
1726090521733243,10,This is note number 341
1726090521766843,5,This is note number 342
1726090521538508,3,This is note number 343
1726090521954261,6,This is note number 344
1726090522378652,9,This is note number 345
1726090521874025,9,This is note number 346
1726090521603483,6,This is note number 347
1726090521871904,4,This is note number 348
1726090522347434,2,This is note number 349
1726090522130781,8,This is note number 350
1726090522349320,2,This is note number 351
1726090522356072,7,This is note number 352
1726090522163440,5,This is note number 353
1726090521668423,8,This is note number 354
1726090522170366,2,This is note number 355
1726090521750019,4,This is note number 356
1726090522059613,5,This is note number 357
1726090522413294,7,This is note number 358
1726090521952011,7,This is note number 359
1726090521857584,7,This is note number 360
1726090521714915,2,This is note number 361
1726090522420050,10,This is note number 362
1726090521825004,5,This is note number 363
1726090522381117,4,This is note number 364
1726090521940188,8,This is note number 365
1726090521725391,10,This is note number 366
1726090521777026,6,This is note number 367
1726090522318118,9,This is note number 368
1726090521923960,10,This is note number 369
1726090522353577,1,This is note number 370
1726090521983742,8,This is note number 371
1726090522218502,10,This is note number 372
1726090521773775,8,This is note number 373
1726090521745931,5,This is note number 374
1726090521540783,1,This is note number 375
1726090522368728,4,This is note number 376
1726090521947293,4,This is note number 377
1726090522195635,5,This is note number 378
1726090521735051,9,This is note number 379
1726090522226982,5,This is note number 380
1726090521944073,5,This is note number 381
1726090521899712,8,This is note number 382
1726090522404876,1,This is note number 383
1726090521932602,10,This is note number 384
1726090521615586,7,This is note number 385
1726090522160003,9,This is note number 386
1726090522404280,10,This is note number 387
1726090522393258,3,This is note number 388
1726090522254342,6,This is note number 389
1726090522378738,10,This is note number 390
1726090522412304,8,This is note number 391
1726090521972819,1,This is note number 392
1726090522219991,4,This is note number 393
1726090522000787,9,This is note number 394
1726090521621929,9,This is note number 395
1726090522328736,9,This is note number 396
1726090522372264,7,This is note number 397
1726090522250829,6,This is note number 398
1726090521731266,6,This is note number 399
1726090521632771,10,This is note number 400
1726090521786477,9,This is note number 401
1726090522253751,8,This is note number 402
1726090522273193,6,This is note number 403
1726090522154899,8,This is note number 404
1726090522157041,6,This is note number 405
1726090521959280,7,This is note number 406
1726090521829882,9,This is note number 407
1726090521887206,4,This is note number 408
1726090521822186,3,This is note number 409
1726090522170230,1,This is note number 410
1726090521515848,3,This is note number 411
1726090522259104,7,This is note number 412
1726090521764150,5,This is note number 413
1726090521587060,10,This is note number 414
1726090521811282,1,This is note number 415
1726090521554407,4,This is note number 416
1726090522178914,9,This is note number 417
1726090521887165,8,This is note number 418
1726090521551934,8,This is note number 419
1726090522436489,1,This is note number 420
1726090521616677,3,This is note number 421
1726090522240667,2,This is note number 422
1726090522006443,1,This is note number 423
1726090521949747,8,This is note number 424
1726090521601310,8,This is note number 425
1726090521839957,5,This is note number 426
1726090521944519,9,This is note number 427
1726090521776743,4,This is note number 428
1726090521980563,7,This is note number 429
1726090521582750,1,This is note number 430
1726090522311056,8,This is note number 431
1726090522042057,9,This is note number 432
1726090522135558,8,This is note number 433
1726090522246808,7,This is note number 434
1726090521961280,2,This is note number 435
1726090522234702,1,This is note number 436
1726090522148909,2,This is note number 437
1726090522395828,10,This is note number 438
1726090521455063,1,This is note number 439
1726090521810046,3,This is note number 440
1726090522182855,10,This is note number 441
1726090521801077,8,This is note number 442
1726090522037171,7,This is note number 443
1726090521547900,3,This is note number 444
1726090521729165,3,This is note number 445
1726090521906359,7,This is note number 446
1726090522197894,6,This is note number 447
1726090521484063,1,This is note number 448
1726090522107397,9,This is note number 449
1726090521920550,6,This is note number 450
1726090522415080,9,This is note number 451
1726090521951971,5,This is note number 452
1726090522099059,2,This is note number 453
1726090522283965,5,This is note number 454
1726090522419093,1,This is note number 455
1726090522348212,2,This is note number 456
1726090521571791,8,This is note number 457
1726090522219147,10,This is note number 458
1726090522251601,3,This is note number 459
1726090522123827,9,This is note number 460
1726090522286286,8,This is note number 461
1726090522041352,1,This is note number 462
1726090521527069,8,This is note number 463
1726090522036742,9,This is note number 464
1726090522231210,7,This is note number 465
1726090521486261,2,This is note number 466
1726090521544581,6,This is note number 467
1726090521765896,6,This is note number 468
1726090522254270,9,This is note number 469
1726090522341717,8,This is note number 470
1726090522177469,3,This is note number 471
1726090521942159,10,This is note number 472
1726090521869292,1,This is note number 473
1726090521916654,7,This is note number 474
1726090521617189,4,This is note number 475
1726090521803526,4,This is note number 476
1726090521596980,4,This is note number 477
1726090521879383,7,This is note number 478
1726090521920173,7,This is note number 479
1726090522305442,5,This is note number 480
1726090521687777,9,This is note number 481
1726090521798655,6,This is note number 482
1726090521877522,10,This is note number 483
1726090521601877,9,This is note number 484
1726090521677244,1,This is note number 485
1726090522298652,6,This is note number 486
1726090521830714,5,This is note number 487
1726090521465990,1,This is note number 488
1726090521834692,1,This is note number 489
1726090521536598,1,This is note number 490
1726090521713585,3,This is note number 491
1726090521779914,1,This is note number 492
1726090521698215,10,This is note number 493
1726090521555450,5,This is note number 494
1726090521903658,3,This is note number 495
1726090522101081,7,This is note number 496
1726090522427254,5,This is note number 497
1726090521591119,4,This is note number 498
1726090522024369,3,This is note number 499
1726090521631198,9,This is note number 500
